symbol,name,industry,momentum_20d,turnover_change,pe_percentile,pb_percentile,roe,gross_margin,revenue_growth_yoy,net_profit_growth_yoy,volatility_60d
000001,平安银行,unknown,0.0357833655705996,0.0151255827855716,0.199124726477024,0.0043763676148796,2.83,71.910876,0.0465157673025007,0.0302922814982973,0.1747047458799972
000002,万科A,unknown,-0.1146131805157594,-0.1367546485719071,0.3632385120350109,0.0557986870897155,-5.23,9.145383,-0.2386325595234685,-0.0470769289344534,0.3189309989856785
000063,中兴通讯,unknown,0.0479735318444993,-0.0743560982778197,0.9868565169769988,0.5864332603938731,1.72,28.276157,0.0612669555834963,-0.4658165020634509,0.4864515419520145
000100,TCL科技,unknown,0.1149425287356322,0.0976580997305884,0.4030668127053669,0.7768052516411379,2.47,12.497483,0.08370838887481,0.5371204827758869,0.4312889919066103
000157,中联重科,unknown,-0.0133689839572193,-0.0460255751852016,0.2691466083150984,0.5054704595185996,1.52,27.692633,0.0689364277550359,-0.3730209773081916,0.3620536607781708
000166,申万宏源,unknown,0.0359550561797752,0.2323449460585718,0.0306345733041575,0.024070021881838,2.08,55.146892,0.1171766856374336,0.1915405509848056,0.2225279543872531
000301,东方盛虹,unknown,-0.0403551251008877,0.1589415208542495,0.6663019693654267,0.5284463894967177,4.11,18.92074,0.056518178366302,3.1986308476394143,0.384984651887234
000333,美的集团,unknown,-0.021801779225661,0.0735318083340417,0.4348302300109529,0.1433260393873085,5.56,25.571131,0.0245463502194736,0.0203122095681187,0.2245671080221157
000338,潍柴动力,unknown,-0.1435897435897436,-0.0806337610784948,0.9463894967177244,0.9463307776560788,3.27,21.430759,0.0887410224664864,0.1383110155966265,0.5684166330279331
000408,藏格矿业,unknown,-0.0845959595959596,0.1914277381716358,0.587527352297593,0.7757111597374179,9.24,64.231124,0.2960846818591527,1.1060445278939968,0.4675056221982702
000425,徐工机械,unknown,-0.1086065573770492,-0.1680507209305276,0.4606126914660831,0.6681270536692223,3.34,22.051513,0.0925845175204056,0.0086237121656489,0.511843965957787
000538,云南白药,unknown,-0.0190014149989892,-0.1422637890763892,0.0010940919037199,0.0010940919037199,4.96,30.633088,0.0702280674461037,0.0530679752173206,0.1475703924853869
000568,泸州老窖,unknown,-0.1413173652694609,0.0879931857371691,0.008762322015334,0.0010952902519167,7.32,85.817777,-0.1418913447396839,-0.1925478672546567,0.2308872108148673
000596,古井贡酒,unknown,-0.1482629609834311,-0.0115701240351573,0.1641137855579868,0.0021881838074398,6.3,77.845659,-0.1859036639376574,-0.3103085280394801,0.3155720608900766
000617,中油资本,unknown,-0.0806045340050378,0.1524348695959616,0.6520787746170679,0.588170865279299,1.49,57.235599,-0.1723747512722055,0.2288530805349873,0.4299994727771344
000625,长安汽车,unknown,-0.1324582338902149,-0.1645381502476423,0.6094091903719913,0.0010952902519167,0.45,14.075789,-0.0425680140854377,-0.7408744866333075,0.2172663844026868
000630,铜陵有色,unknown,0.0672645739910313,0.2731277363810795,0.8893756845564075,0.948577680525164,3.59,7.576958,0.8359203757090372,0.1911712880053853,0.6037377332155661
000651,格力电器,unknown,-0.0349469324359306,0.0802766051764141,0.1684901531728665,0.0054704595185995,4.07,27.415781,0.0346152317074131,0.0300958796705475,0.189593043074424
000657,中钨高新,unknown,0.5963245600373774,0.0045740030079939,1.0,1.0,9.03,30.450264,1.0647162841370146,2.64444359498522,0.7694247414352099
000708,中信特钢,unknown,-0.0401721664275465,-0.0376520628822319,0.0657174151150054,0.0920043811610076,3.41,14.432855,-0.0128745853732291,0.0922792890146715,0.2531204516599112
000725,京东方A,unknown,0.2944550669216059,-0.1520431792000791,0.787513691128149,0.9540481400437636,1.26,15.595721,0.0079513420477401,0.0577575785685866,0.6106861851474297
000768,中航西飞,unknown,-0.0558891454965356,0.1342499120378957,0.0010940919037199,0.0021905805038335,1.31,8.755926,-0.1701947875549622,-0.1472821055366647,0.3822931240087657
000776,广发证券,unknown,0.2273684210526316,0.6271651951260673,0.0799561883899233,0.8107221006564551,3.32,53.447282,0.64334766481177,0.707328073430963,0.3752532689002741
000792,盐湖股份,unknown,-0.0906533291653641,0.0987206295333296,0.4403066812705367,0.4737417943107221,6.54,68.722459,0.9489197680942416,1.5478404989642418,0.4561527528794759
000807,云铝股份,unknown,-0.1773805431419731,0.2650325791538044,0.1214442013129102,0.6892778993435449,10.64,31.574311,0.1368408938240199,2.6945356353763987,0.5754327177255358
000858,五 粮 液,unknown,-0.1114808652246255,0.0109269688524262,0.5651697699890471,0.0010952902519167,6.5,81.434385,0.3366696360864269,0.8256778567096432,0.2059503183175123
000895,双汇发展,unknown,-0.1173963580007748,-0.0019761137846584,0.0207877461706783,0.0010940919037199,5.87,19.702609,0.0212052471035948,0.1358983117353787,0.2127234255862947
000938,紫光股份,unknown,-0.1308139534883721,-0.1901019967105875,0.6849015317286652,0.8216630196936543,5.21,12.882941,0.346087720553208,1.2605586077008408,0.5321809445882973
000963,华东医药,unknown,0.0140252454417952,0.1063187403193914,0.004381161007667,0.0032822757111597,3.97,33.943073,0.0416981900748529,0.0956379807591829,0.298208300689478
000975,山金国际,unknown,-0.2132292522596549,0.0679572936564085,0.0010940919037199,0.3220153340635268,8.93,40.667789,0.3740839601363783,1.0088845375910749,0.543520496780672
000977,浪潮信息,unknown,-0.0751445086705202,-0.0884128833612756,0.7853231106243155,0.8818380743982495,2.75,6.639155,-0.2430312199215879,0.3073707751312211,0.5351340882834058
000988,华工科技,unknown,-0.0466037516020039,-0.0081719693584255,0.9956188389923328,0.9978118161925602,5.61,19.811644,0.2713133155037202,0.5575870145748911,0.7193042004230907
000999,华润三九,unknown,0.000839983200336,-0.1184851041803035,0.0010940919037199,0.0262582056892779,4.74,57.679586,0.1862043421006369,-0.1529168597975589,0.1973259471302147
001280,中国铀业,unknown,-0.0624499599679743,0.0544480245926488,0.2352941176470588,0.0146341463414634,1.26,17.52503,0.0861813580425914,0.5271161591116131,0.3913963843048357
001391,国货航,unknown,-0.1692015209125474,0.4279821447102487,0.003683241252302,0.0018450184501845,1.74,12.296577,0.0073346710115393,-0.1844583631918257,0.2093302845233018
001965,招商公路,unknown,0.0109018830525271,0.0189172694732457,0.9059080962800876,0.3194748358862144,1.9,25.86803,0.2689608565721122,0.0149611903132338,0.2822294256784514
001979,招商蛇口,unknown,-0.1898148148148148,0.1135865587076725,0.9693654266958424,0.0010940919037199,0.04,10.194059,0.1574341167011568,-0.9121797135754002,0.3819182149577941
002001,新和成,unknown,-0.0020127474002011,0.3339704558325327,0.2026286966046002,0.6593647316538883,5.37,42.880977,0.1571950771391126,-0.0280239964448615,0.4567838940633527
002027,分众传媒,unknown,-0.1070780399274047,0.159601092242601,0.4277899343544857,0.0919037199124726,12.13,68.740819,0.0200926917014121,0.5764605334981621,0.2655301917454705
002028,思源电气,unknown,-0.0509441384736428,0.0493683826885233,0.9179431072210066,0.91894852135816,3.48,28.950384,0.4159559230751786,0.2316986834820982,0.5614821632660503
002049,紫光国微,unknown,-0.0365796283227476,-0.0194177687845383,0.5098468271334792,0.4606126914660831,2.4,52.581069,0.4610709920817148,1.8027101427409715,0.4630359992826971
002050,三花智控,unknown,-0.1988499350769801,-0.2314381489379851,0.6673960612691466,0.3304157549234136,2.88,27.796688,0.0135739756943542,0.0267934507988585,0.4277652409458776
002074,国轩高科,unknown,-0.1449652777777778,0.2014125011545722,0.0897155361050328,0.3632385120350109,0.07,16.05657,0.292964776523146,-0.7903938444990801,0.4093201855916885
002142,宁波银行,unknown,0.0090556274256143,0.0074389942405026,0.4551422319474836,0.4008762322015334,3.595,43.72547,0.1021357123546904,0.1030066064446542,0.2201894310198019
002179,中航光电,unknown,0.0259579728059331,0.2661243546579772,0.8192771084337349,0.299781181619256,1.63,27.996145,0.0069385539399404,-0.3775422162944665,0.4901732408578852
002202,金风科技,unknown,-0.1258038585209002,0.0908762385364898,0.811816192560175,0.8862144420131292,2.23,16.762874,0.6347910291970178,0.5964766067741036,0.4606059099119121
002230,科大讯飞,unknown,-0.1320870994248151,-0.106437941908114,0.3632385120350109,0.1477024070021881,-0.91,38.97253,0.1323309070210259,-0.1217433236841695,0.3367837787212541
002236,大华股份,unknown,-0.1020293122886132,0.009422384303825,0.3183807439824945,0.1411378555798687,1.83,43.765401,0.103293393480591,0.0680782213273987,0.2671245571152166
002241,歌尔股份,unknown,-0.0885025681548794,-0.4269764441137625,0.2045951859956236,0.3603504928806134,1.37,13.766487,0.1443568906266743,0.0728257767238145,0.4104741187933993
002304,洋河股份,unknown,-0.0852259950528445,-0.0527494459389176,0.9682713347921226,0.0010940919037199,5.09,75.416194,-0.2602939129059201,-0.327334580372817,0.220333256051215
002311,海大集团,unknown,-0.0341685649202733,0.064033380787845,0.1170678336980306,0.0054704595185995,3.55,9.921644,0.1319061091240951,-0.3082066306955302,0.3419991951905344
002352,顺丰控股,unknown,-0.1195957327344188,0.2304356249497419,0.0010940919037199,0.0010952902519167,2.52,13.737617,0.0614488428076169,0.1304858076525927,0.1918292703487296
002353,杰瑞股份,unknown,0.2046518431831478,-0.2646311827465697,0.9967177242888404,0.9967177242888404,2.52,33.616605,0.2248072842923634,0.263218672482078,0.658901858767793
002371,北方华创,unknown,0.0706111516922327,-0.1400425093853053,0.755750273822563,0.8324205914567361,4.25,40.772789,0.2579609024194313,0.0341820163451886,0.5380734835031706
002384,东山精密,unknown,0.1272100424328146,0.0278909161532778,0.9923329682365828,0.9967141292442496,5.05,19.327535,0.5272343274234259,1.4347103169782645,0.7706971603665045
002415,海康威视,unknown,-0.0266501394484042,0.2458715954522197,0.3424507658643326,0.2735229759299781,3.28,49.085471,0.1178284513812466,0.3641996536797005,0.291018126973229
002422,科伦药业,unknown,0.0858556461001165,-0.1075577652261241,0.99890590809628,0.7199124726477024,1.86,45.313711,-0.0297619984388495,-0.223437694653757,0.4439744859929783
002460,赣锋锂业,unknown,-0.0945406125166443,0.0969906915559948,0.823658269441402,0.5076586433260394,4.02,29.718673,1.4381349449959853,-6.163357219347345,0.5161714776207033
002463,沪电股份,unknown,0.130243185898482,-0.0445880212165308,1.0,1.0,7.81,35.632417,0.5390614097654189,0.629033090550732,0.6736493024025538
002466,天齐锂业,unknown,-0.0802459877006149,0.1663081794168373,0.968236582694414,0.5962800875273523,4.31,62.65606,0.9843829227260856,16.991224018669723,0.5221983178102712
002475,立讯精密,unknown,-0.0714859437751004,0.0588873861379519,0.8138006571741512,0.762582056892779,4.2,11.92052,0.3576894062010702,0.2024161935597475,0.6201443699162719
002493,荣盛石化,unknown,0.0350569675723049,0.1743019927028168,0.6845564074479737,0.4835886214442013,6.26,19.693511,-0.1913436355738786,3.7846388798328894,0.4811797251911149
002532,天山铝业,unknown,-0.2332683560753735,0.1676458177654058,0.1356673960612691,0.6746987951807228,7.27,35.605213,0.065539033029897,1.0969647607983828,0.5882067507739884
002558,巨人网络,unknown,-0.0425693652603571,0.1598440789858919,0.3417305585980285,0.8030634573304157,6.81,95.377689,2.217004406829204,2.105778080960714,0.5045540373433941
002594,比亚迪,unknown,-0.1142142559399749,0.1966577347766447,0.4238773274917853,0.0010952902519167,1.65,18.806213,-0.1181913656390478,-0.5538440532671545,0.2813735761447476
002600,领益智造,unknown,-0.0024860161591049,0.1508828290947679,0.9978094194961664,0.9846827133479212,1.62,16.543396,0.0999356512857223,-0.307049395634241,0.5196369454779158
002602,世纪华通,unknown,-0.0807937632884477,-0.0024223893788449,0.2869660460021905,0.8061336254107339,6.46,72.047882,0.3518554214783047,0.5017972384024945,0.4414838341009679
002625,光启技术,unknown,-0.2224691358024692,0.2055765743153725,0.4074479737130339,0.6586433260393874,1.81,49.853559,0.4027931668284636,0.1702713179375741,0.4715218297306859
002648,卫星化学,unknown,0.0696686491079014,0.0514235957087947,0.7396061269146609,0.5908096280087527,6.14,24.337942,0.0282200588133738,0.3497262144757285,0.521740413719189
002709,天赐材料,unknown,0.0182777463727152,0.3122137340982567,0.5207877461706784,0.5312157721796276,8.84,38.65346,0.9129078266885278,10.057510118643863,0.6149833607352907
002714,牧原股份,unknown,-0.1315097317201472,0.0956812106575295,0.7283680175246441,0.0010940919037199,-1.57,5.171922,-0.1710304164908438,-1.2705000164139153,0.3154488719407582
002736,国信证券,unknown,0.0520408163265306,0.3522161742782279,0.1094091903719912,0.1805251641137855,1.83,54.021713,-0.045427217435879,-0.0962791482408633,0.2735499585786797
002837,英维克,unknown,0.0002455192732631,0.2294350192854866,0.99890590809628,0.9671412924424972,0.25,24.293461,0.2602908356827331,-0.8196726402714036,0.7112745714808196
002916,深南电路,unknown,0.0714555195050177,0.0368045667126981,1.0,1.0,4.83,29.169011,0.3789944730356398,0.7300517686647927,0.6690134773245148
002920,德赛西威,unknown,-0.2241506646971933,-0.2797291154957427,0.0010940919037199,0.0010952902519167,2.95,18.596436,-0.0436958000729993,-0.2074038175708004,0.4378500696783215
002938,鹏鼎控股,unknown,-0.0559823399558498,0.1064070480654058,0.9945295404814004,0.9901423877327492,1.35,22.948496,-0.0124864389630238,-0.0520674737139589,0.7209519577905118
003816,中国广核,unknown,-0.107456140350877,-0.059383382519355,0.8840262582056893,0.6892778993435449,2.2,39.372794,-0.1325016004530853,-0.0932784633733314,0.2940272024846815
300014,亿纬锂能,unknown,0.0643885461161208,0.6400821207165766,0.4792122538293216,0.4431072210065646,3.35,14.038297,0.6161017748273183,0.313489123781199,0.5919845204731294
300015,爱尔眼科,unknown,-0.0813704496788008,-0.0115438940621789,0.0054764512595837,0.0043763676148796,5.25,47.733116,0.0614579616114594,0.1246192247007125,0.3270752149387828
300033,同花顺,unknown,0.0627237088801773,0.2485984685534297,0.6308871851040526,0.9671772428884028,2.67,84.988113,0.4080630395873801,1.1258475463877566,0.5612671887748965
300059,东方财富,unknown,0.0518369401107194,0.5985324336873104,0.161925601750547,0.274617067833698,3.99,85.70517,0.4433801552734964,0.3766989204629791,0.4147642090280993
300122,智飞生物,unknown,-0.093498904309715,0.1252391985858376,0.1706783369803063,0.237417943107221,-2.48,29.157583,-0.0864375082280319,0.1878519055333876,0.3542299171318114
300124,汇川技术,unknown,-0.1467245562507982,-0.1332935768590489,0.3975903614457831,0.0339539978094194,2.83,29.077055,0.1297976281041855,-0.2338736289107257,0.4469507949495661
300251,光线传媒,unknown,-0.0821596244131455,0.0939417342713473,0.0306345733041575,0.6684901531728665,0.23,44.129931,-0.935918186359167,-0.9884533196808862,0.412237298961585
300274,阳光电源,unknown,-0.0911265247548434,0.0216496824912073,0.550328227571116,0.456736035049288,4.81,33.262931,-0.1825867218095382,-0.4011570312262479,0.6712538740570646
300308,中际旭创,unknown,0.1985452881976213,-0.1170849797482549,0.9890470974808324,0.9967141292442496,17.54,46.058133,1.921169094232574,2.6228365713294144,0.6096266855938051
300316,晶盛机电,unknown,-0.0106382978723404,0.0559978266169975,0.99890590809628,0.5273522975929978,0.6,29.443539,-0.4488228307791533,-0.8210029634918872,0.7399378001667835
300394,天孚通信,unknown,0.0995016082853204,-0.1292840570937391,0.9934282584884996,0.99890590809628,8.57,56.603933,0.4082427830731052,0.4578790203136782,0.8055276727463301
300408,三环集团,unknown,0.2613784135240573,0.023398162667283,1.0,1.0,3.59,43.488932,0.4625134848709036,0.4848352330095016,0.7866948320438915
300413,芒果超媒,unknown,-0.1366181410974244,-0.0239767289035808,0.3351588170865279,0.0010940919037199,0.85,23.31157,0.0634891414242975,-0.4737040916597704,0.2692551136996388
300418,昆仑万维,unknown,-0.130841121495327,0.2951216384289583,0.1159737417943107,0.8676148796498906,-6.98,66.233597,0.4569128244411999,0.1534300570904234,0.6037634573804884
300433,蓝思科技,unknown,0.3491902834008096,0.0592812218347769,0.9288840262582057,1.0,-0.27,14.554598,-0.1713422022998493,-1.3488133916247704,0.7215733719468783
300442,润泽科技,unknown,-0.130577289067456,0.06437734576778,0.4923413566739606,0.71960569550931,4.17,46.798813,0.5355318005448095,0.3534834398843687,0.6033476609041543
300450,先导智能,unknown,-0.1114898736715459,0.5265416718580453,0.4584245076586433,0.420591456736035,3.03,33.612077,0.1911298099901321,0.1098993668484664,0.5609227172291849
300476,胜宏科技,unknown,-0.118122555410691,0.0025163705575874,0.9123767798466592,0.9474835886214442,7.62,34.458493,0.2799278264953664,0.3994799885324656,0.6886227839452492
300498,温氏股份,unknown,-0.1137855579868709,-0.0688579786521449,0.8588621444201313,0.0328227571115973,-2.59,2.707856,0.0030603100718349,-1.53152419835135,0.2613714046923151
300502,新易盛,unknown,0.1741932739146157,-0.1539377886861562,0.9704595185995624,0.9923329682365828,14.52,49.160955,1.0575948145903613,0.7679983242812436,0.7340776189705605
300628,亿联网络,unknown,-0.1138654317624625,-0.2623547501492174,0.008762322015334,0.0109529025191675,6.79,65.237071,0.1882590545012195,0.1667643468274127,0.3802706056147979
300661,圣邦股份,unknown,0.1564924114671164,-0.1164944203831748,0.8389923329682366,0.6356673960612691,2.31,51.628284,0.3908119723144698,1.0695942971911006,0.6421169966185671
300750,宁德时代,unknown,-0.025739674344718,0.0592583474400276,0.3676148796498906,0.4212253829321663,5.98,24.815621,0.5244869554824236,0.485237160697918,0.3965052848554357
300760,迈瑞医疗,unknown,-0.0834484119155651,-0.0265367143684254,0.0131291028446389,0.0010940919037199,5.96,61.870083,0.0139412906931235,-0.113720139814182,0.2951121231929345
300803,指南针,unknown,0.0376602564102563,0.4824346877312602,0.7491785323110625,0.8227571115973742,3.91,89.982389,0.3096279911199924,-0.1979602889070756,0.5308080071209073
300832,新产业,unknown,-0.0723598435462843,0.0430505256885425,0.0032822757111597,0.0032822757111597,4.72,73.479355,0.0034009683846123,0.0102382295104823,0.3617304463381552
300866,安克创新,unknown,-0.095067264573991,-0.0211481047833181,0.3395399780941949,0.5317286652078774,4.35,43.640113,0.2693411967268901,-0.0487472906756859,0.5494274225499937
300896,爱美客,unknown,-0.1164031428848578,0.0134910539524242,0.0207877461706783,0.0010940919037199,3.86,92.489468,-0.0447768458955076,-0.3278643921701548,0.3152223028628525
300999,金龙鱼,unknown,-0.0555769972983404,-0.1596683081898813,0.0010940919037199,0.0010940919037199,1.52,6.771983,0.1092160360060714,0.5097914945084281,0.2349094871771908
301165,锐捷网络,unknown,-0.1061111111111111,-0.0568675081094515,0.9695121951219512,0.930640243902439,2.43,35.696828,0.1826164370688592,0.1458707318709653,0.690508655728678
301236,软通动力,unknown,0.0231140462280925,-0.2212885315380734,0.9648112603966732,0.3397312859884837,-2.82,7.783908,0.1578665554362024,0.7699108383839235,0.6643535702461615
301269,华大九天,unknown,-0.188821268417681,-0.3250700503902989,0.0056061667834618,0.421864050455501,-1.39,78.802401,0.0964904160156709,-8.515375791081276,0.7127756750744022
301308,江波龙,unknown,0.0560250890341784,0.2000604645723742,0.573943661971831,1.0,39.4,55.527428,1.3279283242027424,-26.440496580336394,0.832465366306522
302132,中航成飞,unknown,-0.0818924866394216,-0.0639509046803882,0.3260393873085339,0.3282275711159737,0.9,9.706345,0.7971160036156695,0.2315946624400306,0.3774592362958539
600000,浦发银行,unknown,0.0220264317180616,-0.1202673705993808,0.5717415115005476,0.416210295728368,2.32,46.784617,0.0141762118374635,0.0149448801000113,0.1758699880596193
600009,上海机场,unknown,-0.1013698630136986,-0.2604673628867935,0.5415754923413567,0.0043763676148796,1.35,24.934587,0.0081458376553871,0.1133227487228611,0.1970919324446015
600010,包钢股份,unknown,-0.0711462450592884,0.3993168496198482,0.0317286652078774,0.7035010940919038,-0.89,6.601383,-0.1373188196612618,-11.290351444972014,0.409786864733995
600011,华能国际,unknown,0.0428954423592493,-0.3220412106630097,0.4271631982475355,0.1139101861993428,5.78,19.521102,-0.0588766932130424,-0.0983000068375598,0.4504281540787112
600015,华夏银行,unknown,0.0133333333333334,-0.0646005127806771,0.4617067833698031,0.2004381161007667,1.57,26.955568,0.3533032867978454,-0.0150108631246296,0.2010926174892132
600016,民生银行,unknown,-0.0085227272727271,0.1449344762217026,0.487964989059081,0.0054704595185995,2.02,34.403257,0.0274087958058295,-0.0963741955736933,0.1414894376736221
600018,上港集团,unknown,-0.0275590551181101,0.0159133697927058,0.2552026286966046,0.0032858707557502,2.8021,39.423448,0.0804176665886098,0.0257150248226498,0.1465535051473161
600019,宝钢股份,unknown,-0.0277777777777777,-0.133454074317628,0.3610503282275711,0.0076586433260393,1.07,6.622047,0.0573762366174641,-0.0860871780509648,0.2027056258048791
600023,浙能电力,unknown,-0.0642978003384094,-0.2668801125135479,0.412472647702407,0.4967177242888402,1.23,5.44992,-0.1102364121865902,-0.118403453313472,0.4426559124607192
600025,华能水电,unknown,0.0064377682403433,-0.1209938209035663,0.350109409190372,0.2625820568927789,2.1,51.988639,0.0702046920584522,0.0232286844637938,0.2167730714661579
600026,中远海能,unknown,-0.0516453382084094,0.6778052700351975,0.80065717415115,0.8938730853391685,4.5762,42.658288,0.2692181748058242,2.067376066923279,0.568048909014729
600027,华电国际,unknown,-0.0793036750483558,-0.4030522590269593,0.350109409190372,0.2002188183807439,3.39,12.634887,-0.0943242286248164,-0.0993045623929902,0.3591640148145449
600028,中国石化,unknown,-0.0166320166320164,-0.1864373334572514,0.8225629791894852,0.1695842450765864,2.04,19.888919,-0.0389756798067875,0.2821170084439084,0.1624629592605859
600029,南方航空,unknown,-0.0685920577617328,-0.1993137491661016,0.9792122538293216,0.4737417943107221,4.07,10.819974,0.1007901951298178,-2.9825970548862113,0.3555554602147794
600030,中信证券,unknown,0.0989522700814902,0.372676822292221,0.1301969365426696,0.5553121577217963,3.46,57.093996,0.4091381560472926,0.5460182246042824,0.3031569422448498
600031,三一重工,unknown,-0.0414232607541156,-0.2101619596109585,0.2256297918948521,0.0787746170678337,2.77,27.480319,0.1402576162708115,0.0045930166870427,0.4126215540088763
600036,招商银行,unknown,0.0124526258798052,-0.0038297528525134,0.2902519167579409,0.0438116100766703,3.37,51.374511,0.0380771572876741,0.0151799603068176,0.1479075666755354
600039,四川路桥,unknown,-0.0264741275571601,-0.2297186978810336,0.5667396061269147,0.0689277899343544,2.8,14.239784,-0.0410246461912863,-0.1571543011734503,0.3377569167888727
600048,保利发展,unknown,-0.161839863713799,-0.061534802869439,0.0820568927789934,0.0010940919037199,0.47,13.496984,-0.1573846933673742,-0.5706315396981284,0.3154999275925755
600050,中国联通,unknown,-0.0403587443946187,-0.0420566247767543,0.0273822562979189,0.1478641840087623,1.24,23.727921,-0.0051233801085127,-0.1798900036224315,0.2519510696689632
600061,国投资本,unknown,0.0404984423676011,0.2670256147323926,0.2814895947426067,0.08105147864184,1.39,67.839446,0.3181142026793644,0.126276557011598,0.2573890290493164
600066,宇通客车,unknown,-0.1696344892221181,0.4580951217716096,0.0043763676148796,0.587527352297593,4.14,23.55832,-0.0792063149820702,-0.1268851573024643,0.4231707289503338
600085,同仁堂,unknown,-0.064950495049505,0.0452277220105925,0.0339168490153172,0.0010940919037199,3.4,41.657348,-0.1159336833335206,-0.1907060362664415,0.1992242140132161
600089,特变电工,unknown,-0.1057981927710842,0.212006423005252,0.8271334792122538,0.5678336980306345,2.5539,21.119184,0.0675042135450365,0.1339522025674673,0.4235455263104773
600104,上汽集团,unknown,-0.1638280616382805,0.2317279754081322,0.4945295404814004,0.0010940919037199,1.01,12.827926,-0.0031397257109176,0.0009338455273222,0.1909750166149371
600111,北方稀土,unknown,-0.0200117716303707,0.5335959094814902,0.7472647702407003,0.6487964989059081,3.65,13.223781,0.2769358845811678,1.1311732452324677,0.5453724029319049
600115,中国东航,unknown,-0.1295454545454546,-0.0484841803830993,0.9726177437020812,0.8610503282275711,10.9,8.251484,0.1093815482248696,-2.641206030150754,0.4767287219653647
600118,中国卫星,unknown,-0.1852231329690347,-0.0229090068974934,0.9660460021905805,0.9004376367614879,-0.67,14.023134,0.3789321901573572,0.7706799741897603,0.618197595439583
600150,中国船舶,unknown,-0.0551451187335091,0.1985812553827866,0.0043763676148796,0.1006564551422319,3.3,17.475269,0.5489683424884451,2.5164066344362186,0.3988841586944237
600160,巨化股份,unknown,0.3412539364443172,0.337901044972019,0.5673603504928806,1.0,5.58,34.387847,0.0374793152196148,0.4592621601067577,0.5793149938273916
600176,中国巨石,unknown,0.5017838939857289,0.1730999811196953,1.0,1.0,4.0,39.637799,0.1792905093141292,0.7348310313396862,0.7132515918456035
600183,生益科技,unknown,0.4487788038318805,0.0469890416375486,0.9956188389923328,1.0,6.68,28.10132,0.4508853513988153,1.054723584166001,0.6656030346027908
600188,兖矿能源,unknown,-0.0727010110736638,-0.1318046485207151,0.937636761487965,0.4452954048140043,3.84,25.918172,0.0183061359380953,0.4214394280557323,0.5745077312920376
600196,复星医药,unknown,-0.0446351931330472,0.1501895946648628,0.0142231947483588,0.0120481927710843,1.78,49.700914,0.0693076759401873,0.1386946804680022,0.2213074891244554
600219,南山铝业,unknown,-0.1475095785440612,-0.1853121957500225,0.6072210065645515,0.637855579868709,2.09,21.638107,0.0095470400974093,-0.3538684446720991,0.5409038626065991
600221,海航控股,unknown,-0.0529801324503311,-0.1765949260135159,0.664841182913472,0.3008752735229759,28.1,11.865639,0.0495465135840258,5.336286241065985,0.2943084193456718
600233,圆通速递,unknown,-0.120065789473684,0.1796457303722436,0.0306345733041575,0.0820568927789934,3.88,11.17545,0.1001383655529581,0.6075721419819211,0.3276822209417313
600276,恒瑞医药,unknown,-0.0050782043469429,0.0443193761006495,0.049234135667396,0.0273522975929978,4.15,86.598607,0.1297536297930368,0.2178231694834509,0.3563789259073084
600309,万华化学,unknown,-0.0371643962438831,0.2040907087966188,0.6838074398249453,0.1301969365426696,3.38,14.728043,0.2550467321775282,0.2062388096154137,0.3809703602061544
600346,恒力石化,unknown,0.0,0.0471370166258879,0.5886214442013129,0.3829321663019693,5.69,13.976353,-0.1373589845646065,0.9065413570081866,0.5479814145128754
600362,江西铜业,unknown,0.0963801909837884,0.4678144842783356,0.8708971553610503,0.9419496166484118,3.41,5.069891,0.2538765976861705,0.4431045618218487,0.6004820623704606
600372,中航机载,unknown,-0.0762066045723962,0.0106528772234841,0.5575027382256298,0.0065645514223194,0.47,25.96353,-0.017531858661945,0.7847994254610737,0.2540392920313876
600406,国电南瑞,unknown,-0.1176694592536176,-0.0199186739441999,0.0076670317634173,0.0032858707557502,1.36,25.095322,0.0752246562731675,0.0604241685095363,0.299023277147474
600415,小商品城,unknown,-0.1874039938556067,0.0091290832486516,0.0010940919037199,0.412472647702407,4.23,33.778523,0.4529137020291069,0.2329298777900068,0.4340341581480739
600426,华鲁恒升,unknown,-0.1474423269809428,0.3552403962832251,0.5831509846827133,0.1673960612691466,3.32,22.280229,0.0736001369013465,0.5796482544747903,0.4373473817208257
600436,片仔癀,unknown,-0.0859148112294287,-0.0806338256759633,0.0021881838074398,0.0010940919037199,5.0,42.182097,-0.1274056170827522,-0.256355353574522,0.2306504193157439
600438,通威股份,unknown,-0.2076923076923077,0.021041960358642,0.3632385120350109,0.0580503833515881,-6.49,-4.028204,-0.2390149438899762,-0.057211666525864,0.3940306732755161
600460,士兰微,unknown,0.375840889148874,0.4069894528769591,0.7702407002188184,0.6816192560175055,1.73,19.788227,0.1731228962367648,0.405689077490849,0.607365472224584
600482,中国动力,unknown,-0.0617622838320065,-0.0235373071251955,0.3140043763676148,0.9474835886214442,1.45,18.90736,0.0445384204929932,0.4864170572730242,0.6592287328112387
600489,中金黄金,unknown,-0.1576955424726661,0.0355354481413601,0.0010940919037199,0.812910284463895,7.54,20.465565,0.5200921898426547,1.2923460119915542,0.4966818485403558
600515,海南机场,unknown,-0.128440366972477,0.1419854703308307,0.8499452354874042,0.0010940919037199,0.46,32.004289,0.5986621057056207,0.1202068724477649,0.2632077216490809
600519,贵州茅台,unknown,-0.0493280866021713,0.1055863181839034,0.0010952902519167,0.0010952902519167,10.57,89.759217,0.063360092771233,0.0147141829498314,0.2170822914486964
600522,中天科技,unknown,0.4392632315224993,-0.0995444945123547,0.9332603938730852,1.0,2.43,15.58141,0.347112176696875,0.4642035059450273,0.7485132522204974
600547,山东黄金,unknown,-0.1729873586161011,0.1378404370518531,0.1301969365426696,0.1345733041575492,4.2,18.296676,0.2537264408259159,0.408736642906369,0.4547785466459976
600549,厦门钨业,unknown,0.6565832848555362,0.2023847013518478,0.9857768052516412,1.0,6.24,21.003788,0.8699074166140104,1.8913564286121216,0.7371768599891213
600570,恒生电子,unknown,-0.1018518518518518,0.0870243107949353,0.1391018619934282,0.0580503833515881,1.4,67.957175,-0.1175213324338571,3.428712814370886,0.3242535839845949
600584,长电科技,unknown,0.0750499500499501,-0.0500952990527188,1.0,1.0,1.01,14.548409,-0.0175794708801526,0.4273587991259795,0.7188861731040327
600585,海螺水泥,unknown,-0.1001031991744064,0.3128380739882395,0.5733041575492341,0.0043763676148796,0.76,21.25829,-0.1045250933944887,-0.1898082174568185,0.177704074559469
600588,用友网络,unknown,-0.1151736745886654,-0.1220493542120105,0.4337349397590361,0.1872946330777656,-10.28,44.717825,0.0589501856033702,-0.0179459856799948,0.4088933741257453
600600,青岛啤酒,unknown,-0.116993030202456,0.1566513378019409,0.0010940919037199,0.0010952902519167,5.71,42.742989,-0.0153566820870714,0.0522861110305414,0.1784188660341951
600660,福耀玻璃,unknown,-0.0850826676574401,0.0637901111100822,0.0010940919037199,0.0951859956236323,4.46,37.37907,0.0507581346920471,-0.1567692112211456,0.1923827539401904
600674,川投能源,unknown,-0.0387441549766198,-0.0338425141144612,0.0383351588170865,0.0010940919037199,3.18,54.048179,-0.095617347614103,-0.0176101075461021,0.2418750324338644
600690,海尔智家,unknown,-0.0290497291974396,0.0290796111175346,0.0076586433260393,0.0010952902519167,3.86,25.343786,-0.0686498837949365,-0.1521889486846354,0.2597400861712358
600741,华域汽车,unknown,-0.0200471698113207,-0.041511690128477,0.1006564551422319,0.0196936542669584,1.84,12.134448,-0.009722199730014,-0.0262725948251435,0.2497279406112031
600760,中航沈飞,unknown,-0.0687144482366326,-0.1173779918379426,0.0634573304157549,0.0010940919037199,0.7,10.580759,-0.5523114365484747,-0.6168727932836741,0.3197912524819355
600795,国电电力,unknown,-0.0321931589537223,-0.2883587814937439,0.4157549234135667,0.2669584245076586,2.32,12.31946,-0.0161763691068861,-0.2278856328703009,0.2623248823956159
600803,新奥股份,unknown,-0.1350232798758406,0.3576888744632875,0.4332603938730853,0.0010940919037199,2.68,12.341878,-0.076468326971371,-0.3292094671405016,0.299563253225818
600809,山西汾酒,unknown,-0.1512088937261912,0.1415855986711087,0.0021881838074398,0.0010952902519167,12.57,75.046836,-0.0968014975921106,-0.1902985253458503,0.2637236851386452
600845,宝信软件,unknown,-0.2012721490231713,-0.0402367685730419,0.3085339168490153,0.0010940919037199,3.39,30.767956,0.0417232088979604,-0.1425233234887198,0.4392420838636062
600875,东方电气,unknown,-0.166936790923825,0.0967321748043732,0.8138006571741512,0.9255202628696604,3.44,17.182121,0.0557071807767945,0.3740911910703073,0.5986941327464316
600886,国投电力,unknown,-0.0118606375092661,0.0011937330134899,0.0393873085339168,0.0218818380743982,3.06,45.045652,-0.0463316753790087,0.0191410753346004,0.2292504162750443
600887,伊利股份,unknown,-0.0362490149724191,0.0704137077812188,0.049234135667396,0.0175054704595186,9.44,38.374706,0.0547189730083519,0.1067985066148442,0.1957476639689529
600893,航发动力,unknown,-0.102626892252894,0.1451097276550268,0.8358862144420132,0.3008752735229759,0.0064,10.909279,0.1479949681110874,-0.6592800784775961,0.4720533715772386
600900,长江电力,unknown,0.0074990626171729,-0.0249802687405999,0.0831509846827133,0.2133479212253829,3.01,55.646317,0.0644277817034939,0.3050157685080972,0.1350190955568195
600905,三峡能源,unknown,-0.0291262135922329,-0.2574199147132603,0.9704271631982476,0.0010940919037199,1.17,39.65831,-0.0891777420457134,-0.5749151915664326,0.2059776423726439
600918,中泰证券,unknown,-0.0301418439716312,0.1131541827525575,0.3227571115973742,0.0164113785557986,0.97,23.592161,0.2513666368602651,0.2680057962072266,0.2293783252438526
600919,江苏银行,unknown,0.0188340807174887,0.0089262550365647,0.8315098468271335,0.8413566739606126,4.0925,54.643778,0.0841180610154317,0.082009893044,0.153321413532347
600926,杭州银行,unknown,-0.0144927536231883,-0.1084300743032272,0.3654266958424507,0.1980306345733041,4.69,73.741999,0.0428880891898106,0.1009403733757794,0.1621111744296377
600930,华电新能,unknown,-0.1644951140065146,-0.2742643876111021,0.6840579710144927,0.002906976744186,1.74,40.808136,0.0996438755932469,-0.2944494237336335,0.3604532902077635
600938,中国海油,unknown,-0.1525129982668976,0.1063456278853804,0.7732634338138925,0.4469200524246395,4.77,51.173769,0.0863327531023638,0.0705904876514509,0.3443153902282259
600941,中国移动,unknown,-0.0421164021164021,0.1363113399333326,0.2673206621704476,0.2550582464745555,2.1,25.350685,0.0103048225659689,-0.0420815513695276,0.1518823297980504
600958,东方证券,unknown,0.0198744769874477,0.3695163669871775,0.0700218818380744,0.2669584245076586,1.94,49.095448,0.0528869542273549,0.1055038411836255,0.3036112379839384
600989,宝丰能源,unknown,-0.1200803212851404,0.1219535201631054,0.0164113785557986,0.4715536105032822,7.28,37.404287,0.2289569548111314,0.5022975703560446,0.440801748011627
600999,招商证券,unknown,0.1485714285714285,0.485508036666894,0.3829321663019693,0.8019693654266958,2.54,54.776452,0.4795847326766156,0.4172841360432298,0.2602559432600467
601006,大秦铁路,unknown,-0.0822429906542054,-0.1268788587539721,0.9234135667396062,0.0010940919037199,1.44,14.522207,0.0432140926814754,-0.072638458359181,0.1664434802578483
601009,南京银行,unknown,0.0244821092278721,0.0072963069037383,0.4507658643326039,0.1663019693654266,3.57,50.01173,0.1354001101337574,0.0804647960991964,0.1934684765492785
601012,隆基绿能,unknown,-0.1508417508417509,-0.1182787565321191,0.3632385120350109,0.1203501094091903,-3.61,-1.187933,-0.1802546120150258,0.3419756645620464,0.3720651739589014
601018,宁波港,unknown,-0.0756302521008402,-0.1569773976499192,0.0010940919037199,0.0010940919037199,1.44,27.883906,0.1564853727807142,-0.0044267141391053,0.1957687741378926
601021,春秋航空,unknown,-0.0510752688172042,0.1379877655269681,0.5065645514223195,0.0295404814004376,5.3,20.050963,0.1415825614602943,0.4514519817159561,0.3571908315527676
601058,赛轮轮胎,unknown,-0.0921766072811773,0.4912530953291449,0.1477024070021881,0.0054704595185995,4.8,26.862188,0.1247538992263854,0.0171655452919194,0.4216609720188233
601059,信达证券,unknown,-0.0672074159907299,0.0190283606121886,0.0161290322580645,0.0556451612903225,1.81,49.715329,0.1300645168920713,1.208739649579825,0.2262316271664406
601066,中信建投,unknown,0.2832962138084631,0.3056215043330403,0.2286652078774617,0.4978118161925601,4.02,60.636339,0.6226498155531204,0.9902937757158304,0.3861629408649641
601077,渝农商行,unknown,-0.0224550898203591,0.1490466424959986,0.7166301969365426,0.7166301969365426,2.9875,60.649691,0.0839436873968322,0.0507192696104716,0.2389587868482993
601088,中国神华,unknown,-0.092005359535507,0.1466822683887036,0.9332603938730852,0.5831509846827133,2.4,32.889185,0.0116691815764891,-0.1072893129132145,0.3007783223664459
601100,恒立液压,unknown,0.0106306306306307,-0.180911994408174,0.949671772428884,0.7067833698030634,3.71,38.573534,0.3252141867120357,0.0558775146944612,0.4445506006091176
601111,中国国航,unknown,-0.1268011527377522,-0.1191455382922477,0.8172866520787746,0.3982494529540481,3.96,7.864876,0.1127621733767041,-1.838602186993791,0.376831896665838
601117,中国化学,unknown,0.0089171974522292,0.790914940951801,0.0765864332603938,0.1236323851203501,2.3,9.35732,0.0325163184295824,0.0845788841270613,0.3968713248792834
601127,赛力斯,unknown,-0.2249015748031496,0.0121112427835392,0.6345733041575492,0.0010940919037199,1.83,26.238315,0.3446285931858832,0.0089211622414362,0.3407512621313147
601136,首创证券,unknown,-0.0237154150197628,0.2463489965107803,0.0163934426229508,0.0195160031225605,1.41,42.074872,0.3079880870817346,0.3018869367912622,0.2666959236259759
601138,工业富联,unknown,0.0540540540540539,0.0144610564770339,0.9113785557986872,0.9824945295404814,6.18,7.350507,0.5651778086583659,1.0254851336561024,0.6039662138776205
601166,兴业银行,unknown,0.0279557367501455,-0.1270581339382673,0.4080962800875273,0.0131291028446389,2.89,49.70775,-0.0106495698866799,0.0015128593040847,0.166222536110556
601169,北京银行,unknown,0.0019646365422396,0.163183054981705,0.9146608315098468,0.0076586433260393,2.905,48.614725,0.1443335084953583,0.055526590198123,0.1483972762381574
601186,中国铁建,unknown,-0.0078740157480314,0.1296732012527592,0.5995623632385121,0.0021881838074398,1.38,7.855363,-0.0980670107850689,-0.1472388588384648,0.1619899495005624
601211,国泰海通,unknown,0.1854785478547855,0.0672036527627815,0.850109409190372,0.5547045951859956,1.95,51.560281,0.5890692461451719,-0.478154123527424,0.2646501696326447
601225,陕西煤业,unknown,-0.0548346588530767,-0.1497078751409265,0.9080962800875274,0.4617067833698031,4.21,31.12328,-0.0301055523173955,-0.1237895549196139,0.3654044590770088
601229,上海银行,unknown,0.032842582106455,0.1032005561715891,0.6838074398249453,0.5153172866520788,2.54,54.465444,0.0425042043740198,0.0066046721416082,0.1727905173039916
601238,广汽集团,unknown,-0.1383147853736089,0.2697731265489691,0.2330415754923413,0.0010940919037199,-0.63,-0.88927,0.0175884736021181,-0.102920322024207,0.1935533375825696
601288,农业银行,unknown,0.0201863354037266,-0.0304117774870624,0.8052516411378556,0.8008752735229759,2.6475,38.211922,0.1048940934463289,0.0452377973335558,0.2316453015060748
601318,中国平安,unknown,-0.0392680137247427,0.3850539778548383,0.0196936542669584,0.1881838074398249,2.5,16.106316,-0.0618382223444057,-0.0738081137103938,0.2910375223474675
601319,中国人保,unknown,0.0014285714285713,0.3065486401211936,0.1400437636761488,0.3544857768052516,2.8,8.533284,-0.051427622629942,-0.3140322204062573,0.3307363789078003
601328,交通银行,unknown,0.0332829046898637,0.0265028389653549,0.7592997811816192,0.5207877461706784,2.2675,42.957281,0.0488745593153945,0.0311366861106732,0.1661558403010489
601336,新华保险,unknown,0.0491582491582491,0.3700021182836051,0.0426695842450765,0.700218818380744,5.53,30.145032,-0.3373750074845817,0.1052363141788508,0.3996430415341401
601360,三六零,unknown,-0.1301498127340824,-0.0748623172095201,0.9693654266958424,0.3993435448577681,0.37,70.701096,0.0789568569208778,-1.3999985356889215,0.3340051575159457
601377,兴业证券,unknown,0.0724137931034483,0.559425338331478,0.3818380743982494,0.2833698030634573,1.32,45.007707,0.1343735187410988,0.5216791808185939,0.2807042007335235
601390,中国中铁,unknown,-0.0465116279069768,0.276750136597609,0.412472647702407,0.0010940919037199,1.36,7.928366,-0.054450193059517,-0.2765424218177267,0.2361573939890729
601398,工商银行,unknown,0.0292887029288702,0.1375073091223999,0.8391684901531729,0.7045951859956237,2.2075,44.266614,0.0826980740128022,0.0330933029136366,0.1927751258225293
601456,国联民生,unknown,0.0308370044052863,0.1156425780546268,0.0142231947483588,0.0218818380743982,0.94,33.868361,0.1880526429351274,0.3206508256689413,0.2490029055117804
601600,中国铝业,unknown,-0.172884440400364,0.0492947970970736,0.0831509846827133,0.4967177242888402,7.11,25.827609,0.0484880627609149,0.5634647468046143,0.5762861337063162
601601,中国太保,unknown,-0.0811054370681886,0.3285169432588553,0.0032822757111597,0.1017505470459518,3.2,11.059245,-0.0124843945068664,0.0430040511062637,0.3481451188989991
601607,上海医药,unknown,-0.0146520146520146,0.145179005198516,0.1006564551422319,0.0032822757111597,1.85,10.752998,0.0635819191460433,0.0635274755125838,0.1335506462995985
601618,中国中冶,unknown,-0.0573476702508961,0.1588521478250508,0.9529540481400438,0.0010940919037199,1.59,8.600831,-0.245914127996995,0.0158697764941146,0.1914951919674292
601628,中国人寿,unknown,0.0694649719184157,0.1759129733475388,0.062363238512035,0.1816192560175054,3.27,20.934495,-0.1532624776496002,-0.3227900840219428,0.3331184559997017
601633,长城汽车,unknown,-0.0591581342434583,-0.1239034702952016,0.0010940919037199,0.0010940919037199,1.07,18.452004,0.1271958692187531,-0.4601017603043241,0.244824541102184
601658,邮储银行,unknown,0.0181086519114688,0.3606661115657481,0.7045951859956237,0.0590809628008752,2.4275,28.76188,0.0760829426048812,0.0190129129367029,0.1614546812488697
601668,中国建筑,unknown,-0.041928721174004,0.228428566037248,0.7757111597374179,0.0010940919037199,2.77,7.926848,-0.0784558143874334,-0.075317838892705,0.1395515524958279
601669,中国电建,unknown,-0.1010830324909746,0.2163516911580238,0.5109409190371991,0.0076586433260393,1.31,10.176367,0.0173528327670298,-0.2555756178641014,0.3478417385295478
601688,华泰证券,unknown,0.1524688008681496,0.2756922895918545,0.5842450765864332,0.7975929978118161,2.61,56.348928,0.4148114461417231,0.3179454018320375,0.3419462449332311
601689,拓普集团,unknown,-0.192933648629851,-0.1554753633914112,0.3216630196936542,0.1695842450765864,2.27,19.256242,0.1492117238437571,-0.024171122199725,0.4684535811146567
601698,中国卫通,unknown,-0.1339928057553956,-0.0842221522871558,0.8358862144420132,0.901531728665208,0.1682,19.037802,0.0070691160339844,-0.6189679168124507,0.5011145394669483
601727,上海电气,unknown,-0.1903695408734601,-0.15265461349178,0.6203501094091903,0.6695842450765864,0.69,18.356684,0.0931977028461696,0.3015337035022356,0.415376840979664
601728,中国电信,unknown,-0.0794701986754967,-0.0470567434505218,0.2629796839729119,0.2765237020316027,1.58,28.123671,-0.0231575084578485,-0.1708124094188663,0.320013974387214
601766,中国中车,unknown,-0.0572916666666666,0.0210657712656154,0.0010940919037199,0.0010940919037199,1.94,23.813953,0.1057462398021091,0.1065552748486984,0.2071491855920257
601788,光大证券,unknown,0.0474528960223308,0.2313826357438602,0.1170678336980306,0.0831509846827133,1.74,49.72509,0.2310068939221075,0.4234494978328158,0.2551285805552316
601800,中国交建,unknown,-0.0334394904458599,0.2380783971645759,0.6564551422319475,0.0010940919037199,1.37,10.159579,0.0084194821005805,-0.2495493419947858,0.199476185727809
601816,京沪高铁,unknown,-0.0413223140495868,0.2423369838221325,0.0010940919037199,0.0032822757111597,1.51,45.818868,0.0328633163564926,0.0602954913111346,0.1788337545540945
601818,光大银行,unknown,0.0032258064516128,0.1290693988780551,0.6137855579868708,0.037199124726477,1.995,45.89293,-0.0385359366499425,-0.0806322207958921,0.1298065519705042
601825,沪农商行,unknown,-0.0188014101057579,0.217719788278482,0.5372460496613995,0.409706546275395,2.765,66.879158,0.0123136898737929,0.0072521793292688,0.2076466349305317
601838,成都银行,unknown,0.0212649945474372,-0.0602570090604606,0.5590809628008753,0.2231947483588621,3.5,59.70367,0.0654279898778744,0.0480849489919579,0.1962158353112809
601857,中国石油,unknown,-0.1230195712954334,-0.20008511459087,0.6564551422319475,0.6422319474835886,3.0,22.924076,-0.0221404517061147,0.0185879873551106,0.307889033555131
601868,中国能建,unknown,-0.1114754098360655,0.1546766366610881,0.9491916859122402,0.4942263279445728,1.246,10.797012,0.0164136154088347,-0.0975276063379945,0.4766485669856315
601872,招商轮船,unknown,0.1209904333145752,0.5602352530833377,0.8512035010940919,0.99890590809628,6.28,41.793716,0.5291773001206375,2.193070304187576,0.6315081180619846
601877,正泰电器,unknown,-0.1024157876828854,-0.1347859340162652,0.2691466083150984,0.3304157549234136,2.82,20.676328,0.4632606268515886,0.0891828841538915,0.3490322439919295
601878,浙商证券,unknown,0.0178947368421051,0.3488298489854158,0.0536105032822757,0.0415754923413566,2.02,43.471174,0.4081602778750193,0.3520165672113251,0.2433204522052434
601881,中国银河,unknown,0.0564186426819295,0.34894714393812,0.2647702407002188,0.2735229759299781,2.53,55.150152,0.1566219469940284,0.1009209123711516,0.3257740143574451
601888,中国中免,unknown,-0.0140845070422535,-0.1448324558524436,0.2155361050328227,0.0043763676148796,4.16,33.631758,0.0095528124488866,0.2118028833994605,0.3153427043472546
601898,中煤能源,unknown,-0.1332904056664519,-0.1553365236084983,0.6859956236323851,0.5919037199124726,2.37,25.509379,-0.1094738964286096,-0.0318656763589596,0.5038638908830896
601899,紫金矿业,unknown,-0.1148325358851675,0.0660676043294383,0.0481400437636761,0.437636761487965,10.35,36.325753,0.2479376967547459,0.975000663373942,0.4893700942741015
601901,方正证券,unknown,-0.005641748942172,0.1847374397257535,0.0426695842450765,0.0557986870897155,2.88,54.731855,0.1469523889607724,0.2434651359363187,0.2287118555217701
601916,浙商银行,unknown,0.0336700336700335,0.0407158400616374,0.9463894967177244,0.1597374179431072,3.315,47.603257,0.0049693072201111,0.0072281055639602,0.1287083173283466
601919,中远海控,unknown,-0.0450511945392491,0.0076643377626777,0.8588621444201313,0.2943107221006564,2.51,17.241117,-0.1063405617508523,-0.4974629286480496,0.2303531605097316
601939,建设银行,unknown,-0.0069033530571992,-0.042256710036129,0.949671772428884,0.9135667396061268,2.4625,47.021149,0.1114641974009575,0.0352725222252883,0.1975616420957746
601985,中国核电,unknown,0.032,-0.028990337519212,0.8851203501094091,0.2582056892778993,1.73,39.501801,-0.0664854773008009,-0.3419128140682644,0.1882024425729566
601988,中国银行,unknown,0.0406779661016947,0.0476218802539287,0.9179431072210066,0.887308533916849,2.115,41.800767,0.084381764274324,0.0417003899639467,0.2108455251327536
601995,中金公司,unknown,0.0417647058823529,0.30616612731896,0.0317286652078774,0.1586433260393873,3.35,50.580742,0.5426139123898579,0.7519470039139868,0.24666209210103
601998,中信银行,unknown,0.0,-0.0845261799781256,0.7286652078774617,0.6170678336980306,2.7775,43.104173,0.0523386801717664,0.0301911938079859,0.205263436642186
603019,中科曙光,unknown,-0.0934083099031553,0.0559808953546621,0.9343544857768052,0.9212253829321664,1.02,26.557524,0.237100491766558,0.2218611631617539,0.4289958427030083
603259,药明康德,unknown,0.0531999207449971,-0.0239325736375837,0.2264770240700218,0.4715536105032822,5.68,50.402592,0.2880681350545131,0.2667667359492536,0.3906728696714543
603260,合盛硅业,unknown,0.2127606129113288,0.8416027561597168,0.0951859956236323,0.4310722100656455,0.26,19.084514,-0.0424916727740595,-0.7021392510986619,0.5629336673794768
603288,海天味业,unknown,-0.0192252510760402,0.0884427801443461,0.0043763676148796,0.0043763676148796,5.97,41.995545,0.0856578319270879,0.1096825171178978,0.2543500703380416
603296,华勤技术,unknown,-0.0362392295995944,-0.2116469640869455,0.8480531813865148,0.945868945868946,4.03,8.539906,0.1642393349874236,0.259614881099357,0.604351901559495
603369,今世缘,unknown,-0.1040268456375839,-0.1141049195872099,0.0415754923413566,0.0065645514223194,8.03,74.400313,-0.1523040779930173,-0.1576146310081551,0.3946536748116357
603392,万泰生物,unknown,-0.1937217194570135,0.0209592898047801,0.3610503282275711,0.0010940919037199,-0.36,69.857803,0.3063205737945791,-0.1855567014268578,0.4396650268754191
603501,豪威集团,unknown,-0.1941560231553799,-0.2613440095541051,0.2472647702407002,0.0054704595185995,1.56,29.380635,-0.0089722038523395,-0.4192071575462485,0.4843416016263473
603799,华友钴业,unknown,-0.1064985111227886,0.1948489701849354,0.1028446389496717,0.3380743982494529,5.05,20.685805,0.4462378543185055,0.994457466952794,0.4825100415260827
603893,瑞芯微,unknown,-0.0687997518866949,-0.157116680927721,0.1958424507658643,0.6553610503282276,7.23,43.042024,0.3621520262379383,0.5714890563532458,0.4795694135097359
603986,兆易创新,unknown,0.2450033990482665,0.0541422232428812,0.9321663019693656,1.0,6.12,57.076718,1.193786758368052,5.227881381914544,0.7632061182661685
603993,洛阳钼业,unknown,0.0220241216570529,0.4343125499319098,0.299781181619256,0.8544857768052516,9.06,22.884939,0.4433616810727994,0.966549619126292,0.6374098385416445
605117,德业股份,unknown,-0.1429537005745184,0.0710649775549085,0.5404814004376368,0.5120350109409191,10.87,41.446767,0.7376755192225697,0.6836578908958162,0.5677334065580397
688008,澜起科技,unknown,-0.091805125316812,0.0950905214364326,0.9956236323851204,0.9879649890590808,5.39,69.78822,0.1951456338601906,0.6130464033993444,0.8056408465448659
688009,中国通号,unknown,0.0266940451745378,-0.1577520746051514,0.212253829321663,0.0525164113785558,1.04,27.424558,-0.0353564138519314,-0.0716279727281232,0.2283723372701659
688012,中微公司,unknown,0.142172376709172,-0.0285527693178732,0.9649890590809628,0.9660831509846828,4.0,39.892564,0.3412853769759474,1.972019978207037,0.6267141888648106
688036,传音控股,unknown,-0.1178605238245503,0.0266137852553973,0.5470459518599562,0.0185995623632385,3.35,22.004668,0.2457953632727831,0.4290490992343405,0.4223296073268772
688041,海光信息,unknown,-0.0380238521530663,0.0151476784610595,1.0,1.0,2.99,55.603983,0.6805592058147492,0.3581779413699901,0.699898108179213
688047,龙芯中科,unknown,-0.1367557715674361,-0.0517490441373256,0.2147742818057455,0.9582763337893296,-4.65,34.870788,0.0796226153719565,-0.2466292426325946,0.4909920005677723
688072,拓荆科技,unknown,0.0685391543275835,-0.0893529223140563,0.8677144728225278,1.0,8.25,41.689075,0.5696734185625845,-4.88291766570018,0.7955117786543046
688082,盛美上海,unknown,0.5928685258964144,-0.0828824791284534,0.8929845422116528,0.9381688466111772,0.77,45.637953,0.1306223283172973,-0.5766364866721703,0.8509752313490675
688111,金山办公,unknown,-0.1219124480313035,-0.1192932258692704,0.0021881838074398,0.0021881838074398,15.7,86.593651,0.2395402490296936,4.449659523721703,0.4566819134499833
688126,沪硅产业,unknown,0.1091222030981067,0.0223259538649243,0.2407002188183807,0.8708971553610503,-2.87,-11.846601,0.3521677446834064,1.3166627750841,0.9293892756776704
688183,生益电子,unknown,0.1574336040887103,-0.0782525821022886,0.6575492341356673,0.9978118161925602,7.47,35.205505,0.5262092922163832,1.221559998920275,0.8986767346339128
688223,晶科能源,unknown,-0.2418096723868954,-0.0807998522332823,0.260707635009311,0.1756672873991309,-5.4,6.156302,-0.1152384840268949,-0.02848536253813,0.563716923589452
688256,寒武纪,unknown,0.0046214006398861,0.0964018389911969,0.8982494529540481,0.9660831509846828,8.2,54.330376,1.5955547349373238,1.8503872248538205,0.7839168593268482
688271,联影医疗,unknown,-0.1228610540725531,0.0647549013363741,0.037063435495367,0.0007127583749109,1.83,47.161431,0.1733762799966884,0.0777855965953331,0.3916881427243016
688303,大全能源,unknown,-0.0487682252388134,-0.0852853631269108,0.1333333333333333,0.0722222222222222,-2.08,-120.761483,-0.7921883973208286,0.4351097319506576,0.6450877676311505
688396,华润微,unknown,0.2205259975816202,-0.0186549197926442,1.0,0.8938730853391685,1.4254,25.484978,0.2134013101880418,2.9655888777373605,0.6663500052137521
688472,阿特斯,unknown,-0.2,-0.5027128384159907,0.7574123989218329,0.2102425876010781,2.21,20.40881,-0.1695997997742989,9.990995906166596,0.4752364294455951
688506,百利天恒,unknown,0.0833905579399141,0.0006400761753224,0.287519747235387,0.3799368088467614,-12.6,54.149966,0.4025334356297025,0.4574807965188741,0.6533570246035083
688521,芯原股份,unknown,-0.0044363712579033,0.1066890815794061,0.1006564551422319,1.0,-10.38,32.294832,1.1447345915095886,0.5468712515067049,0.8679379276625354
688981,中芯国际,unknown,-0.0916666666666667,-0.0203352595685014,1.0,1.0,0.9,21.475859,0.0807389814849748,0.0035646510475724,0.6769006828916516
605499,东鹏饮料,unknown,-0.19918643132928837,0.16011009548584876,0.0010940919037199124,0.0010940919037199124,8.42,46.88969,0.2145548209913255,0.2830719615108246,0.42301007945527425
